,cover,title,author,publisher,isbn,timestamp,activity,details,library,return_date,due_date,score,number_of_pages
0,https://img1.od-cdn.com/ImageType-100/2390-1/{9BF1365F-E184-437E-8209-93A1F6F8133C}Img100.jpg,Gideon the Ninth,Tamsyn Muir,Tor Publishing Group,9781250313171,"February 27, 2023 1:52",Borrowed,21 days,Spokane Public Library,,2023-03-20 1:52:00,10,448
1,https://img1.od-cdn.com/ImageType-100/0293-1/{F522D10A-522B-4724-895F-6C33DCB2ABF9}IMG100.JPG,Improbable Magic for Cynical Witches,Kate Scelsa,Balzer + Bray,9780063137424,"February 25, 2023 22:48",Borrowed,21 days,Spokane Public Library,,2023-03-18 22:48:00,11,336
2,https://img1.od-cdn.com/ImageType-100/1219-1/{D3722B4F-7F0E-4ECC-A0B5-F41616A75132}IMG100.JPG,Charm,Tracy Wolff,"Tantor Media, Inc.",9781705295823,"February 24, 2023 16:29",Borrowed,21 days,Spokane Public Library,"February 24, 2023 16:29",2023-03-17 16:29:00,0,450
3,https://img1.od-cdn.com/ImageType-100/1219-1/{2A8E1816-FC76-4609-922D-A0E0377A73C1}IMG100.JPG,Court,Tracy Wolff,"Tantor Media, Inc.",9781705276464,"February 24, 2023 16:29",Borrowed,21 days,Spokane Public Library,"September 10, 2022 0:26",2023-03-17 16:29:00,-168,707
4,https://img1.od-cdn.com/ImageType-100/1219-1/{6DD9C963-FFD8-4D1B-AAE4-79C8813A1CD4}Img100.jpg,Covet,Tracy Wolff,"Tantor Media, Inc.",9781705219645,"February 24, 2023 16:29",Borrowed,21 days,Spokane Public Library,"July 11, 2022 4:48",2023-03-17 16:29:00,-229,704
5,https://img1.od-cdn.com/ImageType-100/0017-1/{15D1A3AA-B144-47FA-A487-F6EE6B0CD46A}Img100.jpg,The Angel Experiment,James Patterson,"Little, Brown Books for Young Readers",,"February 24, 2023 7:10",Borrowed,21 days,Spokane Public Library,,2023-03-17 7:10:00,13,445
6,https://img1.od-cdn.com/ImageType-100/1191-1/{B9F1A650-69A7-40C7-BC22-AEFFD340EDA1}Img100.jpg,Fire,Kristin Cashore,Books on Tape,9781101145708,"February 22, 2023 15:06",Borrowed,21 days,Spokane Public Library,"January 31, 2023 15:24",2023-03-15 15:06:00,-22,480
7,https://img1.od-cdn.com/ImageType-100/5054-1/{B99BCE6B-B316-420C-A1EB-1056DC9F3907}Img100.jpg,So This Is Ever After,F.T. Lukens,Simon & Schuster Audio,9781797136479,"February 20, 2023 2:45",Borrowed,21 days,Spokane Public Library,,2023-03-13 2:45:00,17,352
8,https://img1.od-cdn.com/ImageType-100/1523-1/{796DFB70-85C3-4747-9FD5-EEAD11FEDD45}Img100.jpg,The Forever Witness,Edward Humes,Penguin Publishing Group,9781524746292,"February 20, 2023 1:27",Borrowed,21 days,Spokane Public Library,"February 24, 2023 16:30",2023-03-13 1:27:00,4,384
9,https://img1.od-cdn.com/ImageType-100/1493-1/{09B7EB5E-E2C1-4910-8B45-985821E8A680}IMG100.JPG,Hell Bent,Leigh Bardugo,Macmillan Audio,9781250859365,"February 20, 2023 1:27",Borrowed,21 days,Spokane Public Library,,2023-03-13 1:27:00,17,481
10,https://img1.od-cdn.com/ImageType-100/0017-1/{CF2E13F8-7C64-46A9-9741-F1EC87A78FAA}Img100.jpg,The Cruel Prince,Holly Black,"Little, Brown Books for Young Readers",9780316310284,"February 18, 2023 14:40",Borrowed,21 days,Spokane Public Library,"August 11, 2022 21:41",2023-03-11 14:40:00,-191,384
11,https://img1.od-cdn.com/ImageType-100/2390-1/{E7374729-742E-415E-A904-38610244D538}IMG100.JPG,The Atlas Paradox,Olivie Blake,Tor Publishing Group,9781250855121,"February 17, 2023 15:27",Borrowed,21 days,Spokane Public Library,,2023-03-10 15:27:00,20,403
12,https://img1.od-cdn.com/ImageType-100/2390-1/{82359A93-64DF-4AB5-AF49-186A63DE3EFE}Img100.jpg,Ruin and Rising,Leigh Bardugo,Henry Holt and Co. (BYR),9780805097122,"February 16, 2023 1:22",Borrowed,21 days,Spokane Public Library,,2023-03-09 1:22:00,21,384
13,https://img1.od-cdn.com/ImageType-100/2390-1/{62922068-4F45-415E-818B-B5AE3F3A2697}Img100.jpg,Siege and Storm,Leigh Bardugo,Henry Holt and Co. (BYR),9780805097115,"February 16, 2023 1:22",Borrowed,21 days,Spokane Public Library,,2023-03-09 1:22:00,21,435
14,https://img1.od-cdn.com/ImageType-100/2390-1/{CAE032FE-26E1-4DC7-981E-E1DA93A3322F}Img100.jpg,Shadow and Bone,Leigh Bardugo,Henry Holt and Co. (BYR),9780805097108,"February 16, 2023 1:22",Borrowed,21 days,Spokane Public Library,,2023-03-09 1:22:00,21,408
15,https://img1.od-cdn.com/ImageType-100/1493-1/{58D4FF11-0FF3-426B-99C4-0CC86522E12B}IMG100.JPG,The Atlas Paradox,Olivie Blake,Macmillan Audio,9781250870797,"February 12, 2023 15:58",Borrowed,21 days,Spokane Public Library,,2023-03-05 15:58:00,25,403
16,https://img1.od-cdn.com/ImageType-100/2390-1/{7F2C5367-11CA-49C2-A9CD-0A3B1AF6D1E4}IMG100.JPG,Hell Bent,Leigh Bardugo,Flatiron Books,9781250313119,"February 10, 2023 23:43",Borrowed,21 days,Spokane Public Library,,2023-03-03 23:43:00,26,481
17,https://img1.od-cdn.com/ImageType-100/0293-1/{6A808141-976F-42BC-B996-452B6EF33244}Img100.jpg,Pumpkin,Julie Murphy,HarperCollins,9780062880475,"February 10, 2023 4:20",Borrowed,21 days,Spokane Public Library,"February 16, 2023 5:26",2023-03-03 4:20:00,6,336
18,https://img1.od-cdn.com/ImageType-100/2183-1/{0BBD5835-7B38-43A1-95D6-AE5CA1D9FB82}Img100.jpg,This Poison Heart,Kalynn Bayron,Bloomsbury Publishing,9781547603916,"February 10, 2023 4:05",Borrowed,21 days,Spokane Public Library,"February 16, 2023 5:26",2023-03-03 4:05:00,6,384
19,https://img1.od-cdn.com/ImageType-100/1219-1/{D3722B4F-7F0E-4ECC-A0B5-F41616A75132}IMG100.JPG,Charm,Tracy Wolff,"Tantor Media, Inc.",9781705295823,"February 10, 2023 3:34",Borrowed,21 days,Spokane Public Library,"February 24, 2023 16:29",2023-03-03 3:34:00,14,450
20,https://img1.od-cdn.com/ImageType-100/1219-1/{2A8E1816-FC76-4609-922D-A0E0377A73C1}IMG100.JPG,Court,Tracy Wolff,"Tantor Media, Inc.",9781705276464,"February 10, 2023 3:34",Borrowed,21 days,Spokane Public Library,"September 10, 2022 0:26",2023-03-03 3:34:00,-154,707
21,https://img1.od-cdn.com/ImageType-100/1219-1/{6DD9C963-FFD8-4D1B-AAE4-79C8813A1CD4}Img100.jpg,Covet,Tracy Wolff,"Tantor Media, Inc.",9781705219645,"February 10, 2023 3:34",Borrowed,21 days,Spokane Public Library,"July 11, 2022 4:48",2023-03-03 3:34:00,-214,704
22,https://img1.od-cdn.com/ImageType-100/1219-1/{02EF0750-A967-493C-AA14-B292C33C1DC3}Img100.jpg,Crush,Tracy Wolff,"Tantor Media, Inc.",9781705219621,"February 10, 2023 3:09",Borrowed,21 days,Spokane Public Library,"August 11, 2022 21:42",2023-03-03 3:09:00,-183,704
23,https://img1.od-cdn.com/ImageType-100/1493-1/{92C63301-D9D7-48B6-8A98-D60D35CDF6F5}Img100.jpg,The House in the Cerulean Sea,TJ Klune,Macmillan Audio,9781250264299,"February 07, 2023 3:22",Borrowed,21 days,Spokane Public Library,"February 25, 2023 22:48",2023-02-28 3:22:00,18,395
24,https://img1.od-cdn.com/ImageType-100/2390-1/{F2755D16-8265-4B7E-8D4E-FB707E22F77E}Img100.jpg,Crooked Kingdom,Leigh Bardugo,Henry Holt and Co. (BYR),9781627797917,"February 07, 2023 3:22",Borrowed,21 days,Spokane Public Library,"February 24, 2023 16:33",2023-02-28 3:22:00,17,546
25,https://img1.od-cdn.com/ImageType-100/2183-1/{2BD8B36C-3BF3-4339-8E08-F895883822C5}Img100.jpg,House of Sky and Breath,Sarah J. Maas,Bloomsbury Publishing,9781635574081,"February 05, 2023 22:34",Borrowed,21 days,Spokane Public Library,"January 28, 2023 16:00",2023-02-26 22:34:00,-9,768
26,https://img1.od-cdn.com/ImageType-100/1060-1/{B8E993E1-7D88-4AF2-A305-B467ED6A73FC}Img100.jpg,Graceling,Kristin Cashore,Full Cast Audio,,"February 03, 2023 5:04",Borrowed,21 days,Spokane Public Library,"January 31, 2023 15:24",2023-02-24 5:04:00,-3,471
27,https://img1.od-cdn.com/ImageType-100/0293-1/{DF7C3A08-EB63-418C-B8C2-DEBD33097D65}IMG100.JPG,The Cold Millions,Jess Walter,HarperCollins,9780062868107,"January 31, 2023 0:09",Borrowed,21 days,Spokane Public Library,"February 14, 2023 4:29",2023-02-21 0:09:00,14,352
28,https://img1.od-cdn.com/ImageType-100/0293-1/{20095585-112E-48E0-9114-B1A7AED6ABEE}IMG100.JPG,Graceling,Kristin Cashore,HarperCollins,9780547351278,"January 28, 2023 15:55",Borrowed,21 days,Spokane Public Library,"January 31, 2023 15:24",2023-02-18 15:55:00,2,471
29,https://img1.od-cdn.com/ImageType-100/0293-1/{283D4E3C-4210-4F54-BC86-5414FEBC9AF9}Img100.jpg,The Cold Millions,Jess Walter,HarperAudio,9780063033863,"January 27, 2023 4:01",Borrowed,21 days,Spokane Public Library,"February 14, 2023 4:29",2023-02-17 4:01:00,18,352
30,https://img1.od-cdn.com/ImageType-100/2183-1/{33A71567-38C1-40F8-98D0-915C069443E4}IMG100.JPG,The Priory of the Orange Tree,Samantha Shannon,Bloomsbury Publishing,9781635570281,"January 24, 2023 4:00",Borrowed,21 days,Spokane Public Library,"February 14, 2023 4:00",2023-02-14 4:00:00,21,848
31,https://img1.od-cdn.com/ImageType-100/0111-1/{B8C367DA-E521-490B-8DD3-2B8C9C3CFB74}IMG100.JPG,How to Be an Antiracist,Ibram X. Kendi,Random House Publishing Group,9780525509295,"January 23, 2023 17:31",Borrowed,7 days,Spokane Public Library,"January 28, 2023 16:00",2023-01-30 17:31:00,4,305
32,https://img1.od-cdn.com/ImageType-100/2183-1/{787A3037-7EC3-48B8-887D-C943EC00FD21}Img100.jpg,House of Earth and Blood,Sarah J. Maas,Bloomsbury Publishing,9781635574050,"January 22, 2023 19:04",Borrowed,21 days,Spokane Public Library,"February 03, 2023 5:04",2023-02-12 19:04:00,11,816
33,https://img1.od-cdn.com/ImageType-100/0293-1/{FE3EEE7F-2DDD-4E12-998A-38C5A43B948D}Img100.jpg,The Song of Achilles,Madeline Miller,HarperAudio,9780062115577,"January 22, 2023 6:21",Borrowed,21 days,Spokane Public Library,"February 05, 2023 21:31",2023-02-12 6:21:00,14,369
34,https://img1.od-cdn.com/ImageType-100/0293-1/{98029A86-A1E8-44F8-A93F-374C36D16C2C}IMG100.JPG,Truly Devious,Maureen Johnson,HarperCollins,9780062338075,"January 21, 2023 16:22",Borrowed,21 days,Spokane Public Library,"February 11, 2023 6:01",2023-02-11 16:22:00,20,420
35,https://img1.od-cdn.com/ImageType-100/1219-1/{2E788F69-82E8-4A42-B902-A8A896D49D2E}Img100.jpg,Crave,Tracy Wolff,"Tantor Media, Inc.",9781705219607,"January 20, 2023 6:19",Borrowed,21 days,Spokane Public Library,"June 30, 2022 22:48",2023-02-10 6:19:00,-204,571
36,https://img1.od-cdn.com/ImageType-100/2390-1/{9DEC75E6-F795-437C-9897-A6926B466EBA}Img100.jpg,Six of Crows,Leigh Bardugo,Henry Holt and Co. (BYR),9781627795227,"January 20, 2023 0:07",Borrowed,21 days,Spokane Public Library,"February 10, 2023 0:07",2023-02-10 0:07:00,21,480
37,https://img1.od-cdn.com/ImageType-100/1219-1/{6DD9C963-FFD8-4D1B-AAE4-79C8813A1CD4}Img100.jpg,Covet,Tracy Wolff,"Tantor Media, Inc.",9781705219645,"January 16, 2023 7:09",Borrowed,21 days,Spokane Public Library,"July 11, 2022 4:48",2023-02-06 7:09:00,-190,704
38,https://img1.od-cdn.com/ImageType-100/1694-1/{1EF370D8-CFC6-45A8-9DBD-0E1D9C56361D}IMG100.JPG,Even Though I Knew the End,C.L. Polk,"Recorded Books, Inc.",9781705051771,"January 15, 2023 4:26",Borrowed,21 days,Spokane Public Library,"January 19, 2023 1:34",2023-02-05 4:26:00,3,136
39,https://img1.od-cdn.com/ImageType-100/0111-1/{8EF808C3-75DC-40A5-ABD9-8A79AB24FF8C}Img100.jpg,A Great and Terrible Beauty,Libba Bray,Random House Children's Books,9780375890499,"January 13, 2023 4:39",Borrowed,21 days,Spokane Public Library,"January 19, 2023 1:35",2023-02-03 4:39:00,5,403
40,https://img1.od-cdn.com/ImageType-100/0439-1/{35A488C5-A042-46A6-BD3D-5D7F8395CE7F}IMG100.JPG,Blood Like Magic,Liselle Sambury,Margaret K. McElderry Books,9781534465305,"January 13, 2023 4:30",Borrowed,21 days,Spokane Public Library,"January 19, 2023 1:33",2023-02-03 4:30:00,5,484
41,https://img1.od-cdn.com/ImageType-100/4575-1/{8624F4F1-B2EA-4DB7-A44A-9625AC51D8A9}Img100.jpg,Soulless,Gail Carriger,Hachette Audio,9781549140655,"January 13, 2023 4:28",Borrowed,21 days,Spokane Public Library,"January 31, 2023 0:09",2023-02-03 4:28:00,17,357
42,https://img1.od-cdn.com/ImageType-100/1191-1/{B9F1A650-69A7-40C7-BC22-AEFFD340EDA1}Img100.jpg,Fire,Kristin Cashore,Books on Tape,9781101145708,"January 13, 2023 4:20",Borrowed,21 days,Spokane Public Library,"January 31, 2023 15:24",2023-02-03 4:20:00,18,480
43,https://img1.od-cdn.com/ImageType-100/1060-1/{B8E993E1-7D88-4AF2-A305-B467ED6A73FC}Img100.jpg,Graceling,Kristin Cashore,Full Cast Audio,,"January 13, 2023 4:19",Borrowed,21 days,Spokane Public Library,"January 31, 2023 15:24",2023-02-03 4:19:00,18,471
44,https://img1.od-cdn.com/ImageType-100/1219-1/{02EF0750-A967-493C-AA14-B292C33C1DC3}Img100.jpg,Crush,Tracy Wolff,"Tantor Media, Inc.",9781705219621,"January 13, 2023 4:18",Borrowed,21 days,Spokane Public Library,"August 11, 2022 21:42",2023-02-03 4:18:00,-155,704
45,https://img1.od-cdn.com/ImageType-100/1493-1/{E55BD724-CEC3-455D-871E-AD3F57E00134}IMG100.JPG,Legends & Lattes,Travis Baldree,Macmillan Audio,9781250889652,"January 10, 2023 1:38",Borrowed,21 days,Spokane Public Library,"January 26, 2023 15:56",2023-01-31 1:38:00,16,305
46,https://img1.od-cdn.com/ImageType-100/1523-1/{4F7801C0-ACDC-4CC6-AF28-95D196D3C965}Img100.jpg,Big Magic,Elizabeth Gilbert,Penguin Publishing Group,9780698408319,"January 10, 2023 1:37",Borrowed,21 days,Spokane Public Library,"January 28, 2023 16:00",2023-01-31 1:37:00,18,288
47,https://img1.od-cdn.com/ImageType-100/2183-1/{2BD8B36C-3BF3-4339-8E08-F895883822C5}Img100.jpg,House of Sky and Breath,Sarah J. Maas,Bloomsbury Publishing,9781635574081,"January 09, 2023 3:22",Borrowed,21 days,Spokane Public Library,"January 28, 2023 16:00",2023-01-30 3:22:00,19,768
48,https://img1.od-cdn.com/ImageType-100/0293-1/{18AA2FBD-D700-4A92-BC5F-94B91030E2F1}IMG100.JPG,They Both Die at the End,Adam Silvera,HarperCollins,9780062457813,"January 07, 2023 0:07",Borrowed,21 days,Spokane Public Library,"January 04, 2023 16:59",2023-01-28 0:07:00,-3,368
49,https://img1.od-cdn.com/ImageType-100/5054-1/{8A6C7499-FC93-4ACB-A72E-FF3A85DED1A6}IMG100.JPG,I'm Glad My Mom Died,Jennette McCurdy,Simon & Schuster Audio,9781797147949,"January 06, 2023 0:50",Borrowed,21 days,Spokane Public Library,"November 14, 2022 16:27",2023-01-27 0:50:00,-53,304
50,https://img1.od-cdn.com/ImageType-100/1523-1/{B1C350B4-AE25-4202-9B05-11DE643E8A40}Img100.jpg,Iron Widow,Xiran Jay Zhao,Tundra Book Group,9780735269941,"January 04, 2023 23:31",Borrowed,21 days,Spokane Public Library,"December 10, 2022 2:36",2023-01-25 23:31:00,-26,394
51,https://img1.od-cdn.com/ImageType-100/1694-1/{937D1040-5B83-4F36-B623-3710EF53E5B5}IMG100.JPG,Network Effect,Martha Wells,"Recorded Books, Inc.",9781980021711,"January 04, 2023 23:31",Borrowed,21 days,Spokane Public Library,"December 14, 2022 14:50",2023-01-25 23:31:00,-22,352
52,https://img1.od-cdn.com/ImageType-100/0111-1/{08EBF66D-F705-4DCE-AE80-32F8B8DFCD97}Img100.jpg,When Women Were Dragons,Kelly Barnhill,Knopf Doubleday Publishing Group,9780385548236,"January 01, 2023 18:30",Borrowed,21 days,Spokane Public Library,"January 16, 2023 7:27",2023-01-22 18:30:00,14,352
53,https://img1.od-cdn.com/ImageType-100/1694-1/{B462AC21-6327-4E02-8512-6B96782F087B}IMG100.JPG,Fugitive Telemetry,Martha Wells,"Recorded Books, Inc.",9781980080633,"December 31, 2022 20:58",Borrowed,21 days,Spokane Public Library,"December 14, 2022 14:50",2023-01-21 20:58:00,-18,176
54,https://img1.od-cdn.com/ImageType-100/1191-1/{0A760D6B-F864-4E95-89C6-E1E3ED6964AE}Img100.jpg,Aurora Burning,"Amie Kaufman, Jay Kristoff",Books on Tape,9781524780814,"December 29, 2022 19:31",Borrowed,21 days,Spokane Public Library,"January 09, 2023 1:18",2023-01-19 19:31:00,10,495
55,https://img1.od-cdn.com/ImageType-100/0293-1/{AA05D4F9-2E76-4C3B-BB40-81B8D2DAF178}Img100.jpg,They Both Die at the End,Adam Silvera,Quill Tree Books,9780062740694,"December 25, 2022 19:54",Borrowed,21 days,Spokane Public Library,"January 04, 2023 16:59",2023-01-15 19:54:00,9,368
56,https://img1.od-cdn.com/ImageType-100/0955-1/{B9C64692-B54B-4635-8155-273B49242F02}Img100.jpg,Ever After,Olivia Vieweg,Lerner Publishing Group,9781728405292,"December 21, 2022 18:06",Borrowed,21 days,Spokane Public Library,,2023-01-11 18:06:00,77,288
57,https://img1.od-cdn.com/ImageType-100/1694-1/{93E0A6EB-2567-4B58-9D2F-F9D6F82E9010}IMG100.JPG,Exit Strategy,Martha Wells,"Recorded Books, Inc.",9781501999994,"December 16, 2022 3:29",Borrowed,21 days,Spokane Public Library,"December 24, 2022 18:40",2023-01-06 3:29:00,8,163
58,https://img1.od-cdn.com/ImageType-100/0293-1/{18AA2FBD-D700-4A92-BC5F-94B91030E2F1}IMG100.JPG,They Both Die at the End,Adam Silvera,HarperCollins,9780062457813,"December 14, 2022 16:59",Borrowed,21 days,Spokane Public Library,"January 04, 2023 16:59",2023-01-04 16:59:00,21,368
59,https://img1.od-cdn.com/ImageType-100/1523-1/{B1C350B4-AE25-4202-9B05-11DE643E8A40}Img100.jpg,Iron Widow,Xiran Jay Zhao,Tundra Book Group,9780735269941,"December 14, 2022 14:48",Borrowed,21 days,Spokane Public Library,"December 10, 2022 2:36",2023-01-04 14:48:00,-5,394
60,https://img1.od-cdn.com/ImageType-100/1191-1/{DF1B8FC5-DC96-4D0B-9926-70DDB547F82A}Img100.jpg,When Women Were Dragons,Kelly Barnhill,Books on Tape,9780593589311,"December 11, 2022 15:03",Borrowed,21 days,Spokane Public Library,"January 16, 2023 7:27",2023-01-01 15:03:00,35,352
61,https://img1.od-cdn.com/ImageType-100/1191-1/{73395B7C-95D8-4B97-918E-82B70F392489}Img100.jpg,Aurora Rising,"Amie Kaufman, Jay Kristoff",Books on Tape,9781524780777,"December 11, 2022 2:37",Borrowed,21 days,Spokane Public Library,"December 29, 2022 19:32",2023-01-01 2:37:00,18,480
62,https://img1.od-cdn.com/ImageType-100/0017-1/{C004A7DA-8984-43AE-8AB8-DAF199A8BE19}Img100.jpg,Life and Death,Stephenie Meyer,"Little, Brown Books for Young Readers",9780316557955,"December 10, 2022 15:50",Borrowed,21 days,Spokane Public Library,"November 09, 2022 5:53",2022-12-31 15:50:00,-32,387
63,https://img1.od-cdn.com/ImageType-100/0293-1/{1946599C-2AB7-49DC-A5A9-1F4C3DD9C5D0}Img100.jpg,The Alchemist,Paulo Coelho,HarperCollins,9780062416216,"December 07, 2022 5:27",Borrowed,21 days,Spokane Public Library,"December 28, 2022 5:27",2022-12-28 5:27:00,21,167
64,https://img1.od-cdn.com/ImageType-100/2343-1/{F08B276C-0493-4577-B907-229F15A3DC7B}Img100.jpg,Then She Was Gone,Lisa Jewell,Dreamscape Media,9781666605266,"December 06, 2022 17:17",Borrowed,21 days,Spokane Public Library,"December 24, 2022 18:40",2022-12-27 17:17:00,18,359
65,https://img1.od-cdn.com/ImageType-100/1694-1/{B462AC21-6327-4E02-8512-6B96782F087B}IMG100.JPG,Fugitive Telemetry,Martha Wells,"Recorded Books, Inc.",9781980080633,"December 01, 2022 17:03",Borrowed,21 days,Spokane Public Library,"December 14, 2022 14:50",2022-12-22 17:03:00,12,176
66,https://img1.od-cdn.com/ImageType-100/1694-1/{937D1040-5B83-4F36-B623-3710EF53E5B5}IMG100.JPG,Network Effect,Martha Wells,"Recorded Books, Inc.",9781980021711,"December 01, 2022 17:03",Borrowed,21 days,Spokane Public Library,"December 14, 2022 14:50",2022-12-22 17:03:00,12,352
67,https://img1.od-cdn.com/ImageType-100/1694-1/{7CBFB589-F059-46B8-A33C-247D3F2A1DA3}IMG100.JPG,Artificial Condition,Martha Wells,"Recorded Books, Inc.",9781501977831,"November 27, 2022 16:54",Borrowed,21 days,Spokane Public Library,"November 12, 2022 23:57",2022-12-18 16:54:00,-15,160
68,https://img1.od-cdn.com/ImageType-100/0017-1/{30D8C23A-48DA-4E98-8034-C7C8AFDD81C6}IMG100.JPG,The Hawthorne Legacy,Jennifer Lynn Barnes,"Little, Brown Books for Young Readers",9780759557642,"November 27, 2022 5:27",Borrowed,21 days,Spokane Public Library,"December 07, 2022 5:23",2022-12-18 5:27:00,9,358
69,https://img1.od-cdn.com/ImageType-100/1219-1/{3E34E5ED-11B8-43B4-B838-621F65940A94}Img100.jpg,Gulp,Mary Roach,"Tantor Media, Inc.",9781452683423,"November 24, 2022 18:56",Borrowed,21 days,Spokane Public Library,"December 10, 2022 20:51",2022-12-15 18:56:00,16,348
70,https://img1.od-cdn.com/ImageType-100/0017-1/{02EAC8C0-8A00-4CE3-96C0-59EF3A724D3A}IMG100.JPG,The Inheritance Games,Jennifer Lynn Barnes,"Little, Brown Books for Young Readers",9781368053242,"November 23, 2022 1:12",Borrowed,21 days,Spokane Public Library,"December 03, 2022 15:59",2022-12-14 1:12:00,10,376
71,https://img1.od-cdn.com/ImageType-100/1694-1/{D101C7AD-39B9-4478-822F-25A1ADE8683A}IMG100.JPG,Rogue Protocol,Martha Wells,"Recorded Books, Inc.",9781501999796,"November 22, 2022 0:51",Borrowed,21 days,Spokane Public Library,"December 03, 2022 5:16",2022-12-13 0:51:00,11,160
72,https://img1.od-cdn.com/ImageType-100/1523-1/{B1C350B4-AE25-4202-9B05-11DE643E8A40}Img100.jpg,Iron Widow,Xiran Jay Zhao,Tundra Book Group,9780735269941,"November 19, 2022 2:36",Borrowed,21 days,Spokane Public Library,"December 10, 2022 2:36",2022-12-10 2:36:00,21,394
73,https://img1.od-cdn.com/ImageType-100/0174-1/{FD561CEF-0554-4F97-BA7D-AFEFAC15B30D}Img100.jpg,Five Total Strangers,Natalie D. Richards,Sourcebooks,9781492657224,"November 15, 2022 5:30",Borrowed,21 days,Spokane Public Library,"December 03, 2022 15:59",2022-12-06 5:30:00,18,302
74,https://img1.od-cdn.com/ImageType-100/0017-1/{0F9A352C-CEC8-4C21-A678-CB631612897C}IMG100.JPG,Beyond the Wand,Tom Felton,Grand Central Publishing,9781538741382,"October 29, 2022 21:21",Borrowed,21 days,Spokane Public Library,"November 17, 2022 1:40",2022-11-19 21:21:00,18,288
75,https://img1.od-cdn.com/ImageType-100/1493-1/{89982688-BBA9-4BB4-A815-5848EBC17F29}Img100.jpg,The Great Alone,Kristin Hannah,Macmillan Audio,9781427287540,"October 29, 2022 14:55",Borrowed,21 days,Spokane Public Library,"November 17, 2022 1:40",2022-11-19 14:55:00,18,440
76,https://img1.od-cdn.com/ImageType-100/5054-1/{8A6C7499-FC93-4ACB-A72E-FF3A85DED1A6}IMG100.JPG,I'm Glad My Mom Died,Jennette McCurdy,Simon & Schuster Audio,9781797147949,"October 24, 2022 16:27",Borrowed,21 days,Spokane Public Library,"November 14, 2022 16:27",2022-11-14 16:27:00,21,304
77,https://img1.od-cdn.com/ImageType-100/1191-1/{D9B7175A-C3F7-4C94-96AF-9E9EE6FA595E}Img100.jpg,The Final Girl Support Group,Grady Hendrix,Books on Tape,9780593410035,"October 24, 2022 13:41",Borrowed,21 days,Spokane Public Library,"October 20, 2022 1:17",2022-11-14 13:41:00,-5,342
78,https://img1.od-cdn.com/ImageType-100/1694-1/{7CBFB589-F059-46B8-A33C-247D3F2A1DA3}IMG100.JPG,Artificial Condition,Martha Wells,"Recorded Books, Inc.",9781501977831,"October 22, 2022 23:57",Borrowed,21 days,Spokane Public Library,"November 12, 2022 23:57",2022-11-12 23:57:00,21,160
79,https://img1.od-cdn.com/ImageType-100/0017-1/{C004A7DA-8984-43AE-8AB8-DAF199A8BE19}Img100.jpg,Life and Death,Stephenie Meyer,"Little, Brown Books for Young Readers",9780316557955,"October 22, 2022 4:00",Borrowed,21 days,Spokane Public Library,"November 09, 2022 5:53",2022-11-12 4:00:00,18,387
80,https://img1.od-cdn.com/ImageType-100/1694-1/{416729FE-7FE4-43A5-84EC-10896FAA9FC4}IMG100.JPG,All Systems Red,Martha Wells,"Recorded Books, Inc.",9781501977824,"October 08, 2022 0:08",Borrowed,21 days,Spokane Public Library,"October 24, 2022 13:42",2022-10-29 0:08:00,16,144
81,https://img1.od-cdn.com/ImageType-100/1219-1/{2A8E1816-FC76-4609-922D-A0E0377A73C1}IMG100.JPG,Court,Tracy Wolff,"Tantor Media, Inc.",9781705276464,"October 01, 2022 20:59",Borrowed,21 days,Spokane Public Library,"September 10, 2022 0:26",2022-10-22 20:59:00,-22,707
82,https://img1.od-cdn.com/ImageType-100/1219-1/{6DD9C963-FFD8-4D1B-AAE4-79C8813A1CD4}Img100.jpg,Covet,Tracy Wolff,"Tantor Media, Inc.",9781705219645,"September 29, 2022 20:37",Borrowed,21 days,Spokane Public Library,"July 11, 2022 4:48",2022-10-20 20:37:00,-81,704
83,https://img1.od-cdn.com/ImageType-100/1191-1/{D9B7175A-C3F7-4C94-96AF-9E9EE6FA595E}Img100.jpg,The Final Girl Support Group,Grady Hendrix,Books on Tape,9780593410035,"September 29, 2022 20:33",Borrowed,21 days,Spokane Public Library,"October 20, 2022 1:17",2022-10-20 20:33:00,20,342
84,https://img1.od-cdn.com/ImageType-100/1219-1/{5F259804-BCE3-42D9-A374-1D18FAEA34B3}Img100.jpg,"Harry, a History",Melissa Anelli,"Tantor Media, Inc.",9781400181629,"September 23, 2022 15:23",Borrowed,21 days,Spokane Public Library,"October 14, 2022 15:23",2022-10-14 15:23:00,21,368
85,https://img1.od-cdn.com/ImageType-100/0293-1/{8809BC36-EB29-4964-B022-D2A68D9F3445}IMG100.JPG,The Poppy War,R. F. Kuang,HarperAudio,9780062848789,"September 23, 2022 15:22",Borrowed,21 days,Spokane Public Library,"August 15, 2022 18:23",2022-10-14 15:22:00,-39,545
86,https://img1.od-cdn.com/ImageType-100/1219-1/{2A8E1816-FC76-4609-922D-A0E0377A73C1}IMG100.JPG,Court,Tracy Wolff,"Tantor Media, Inc.",9781705276464,"September 18, 2022 14:50",Borrowed,21 days,Spokane Public Library,"September 10, 2022 0:26",2022-10-09 14:50:00,-9,707
87,https://img1.od-cdn.com/ImageType-100/1219-1/{02EF0750-A967-493C-AA14-B292C33C1DC3}Img100.jpg,Crush,Tracy Wolff,"Tantor Media, Inc.",9781705219621,"September 16, 2022 20:56",Borrowed,21 days,Spokane Public Library,"August 11, 2022 21:42",2022-10-07 20:56:00,-36,704
88,https://img1.od-cdn.com/ImageType-100/1219-1/{2E788F69-82E8-4A42-B902-A8A896D49D2E}Img100.jpg,Crave,Tracy Wolff,"Tantor Media, Inc.",9781705219607,"September 16, 2022 20:56",Borrowed,21 days,Spokane Public Library,"June 30, 2022 22:48",2022-10-07 20:56:00,-78,571
89,https://img1.od-cdn.com/ImageType-100/1219-1/{6DD9C963-FFD8-4D1B-AAE4-79C8813A1CD4}Img100.jpg,Covet,Tracy Wolff,"Tantor Media, Inc.",9781705219645,"September 16, 2022 20:55",Borrowed,21 days,Spokane Public Library,"July 11, 2022 4:48",2022-10-07 20:55:00,-68,704
90,https://img1.od-cdn.com/ImageType-100/1837-1/{484A05C8-0A4E-4D28-B7C9-0DDCFD2C77B8}Img100.jpg,Ballad of Songbirds and Snakes,Suzanne Collins,Scholastic Inc.,9781338635201,"September 11, 2022 20:41",Borrowed,21 days,Spokane Public Library,"August 06, 2022 19:12",2022-10-02 20:41:00,-37,517
91,https://img1.od-cdn.com/ImageType-100/2389-1/{6A600B7A-AFDA-4F0F-A32C-5BE178267B0E}Img100.jpg,Pride and Prejudice,Jane Austen,Duke Classics,,"September 11, 2022 20:40",Borrowed,21 days,Spokane Public Library,"August 06, 2022 19:12",2022-10-02 20:40:00,-37,364
92,https://img1.od-cdn.com/ImageType-100/1219-1/{D8605BF8-EEFF-4F8E-9FC4-D19E0DAE1653}Img100.jpg,The Neverending Story,Michael Ende,"Tantor Media, Inc.",,"September 03, 2022 4:21",Borrowed,21 days,Spokane Public Library,"August 31, 2022 1:36",2022-09-24 4:21:00,-4,400
93,https://img1.od-cdn.com/ImageType-100/1493-1/{C80F4803-3755-45C4-AFBD-68175C4A6C3D}Img100.jpg,Reckless Girls,Rachel Hawkins,Macmillan Audio,9781250835581,"August 26, 2022 2:43",Borrowed,21 days,Spokane Public Library,"September 11, 2022 19:21",2022-09-16 2:43:00,16,320
94,https://img1.od-cdn.com/ImageType-100/0439-1/{5B6BB9CD-6C46-4ABB-9508-91909391AE03}Img100.jpg,This Is How You Lose the Time War,"Amal El-Mohtar, Max Gladstone",Gallery / Saga Press,9781534431010,"August 24, 2022 2:13",Borrowed,21 days,Spokane Public Library,"August 24, 2022 2:14",2022-09-14 2:13:00,0,208
95,https://img1.od-cdn.com/ImageType-100/1219-1/{2A8E1816-FC76-4609-922D-A0E0377A73C1}IMG100.JPG,Court,Tracy Wolff,"Tantor Media, Inc.",9781705276464,"August 21, 2022 14:49",Borrowed,21 days,Spokane Public Library,"September 10, 2022 0:26",2022-09-11 14:49:00,19,707
96,https://img1.od-cdn.com/ImageType-100/1219-1/{6DD9C963-FFD8-4D1B-AAE4-79C8813A1CD4}Img100.jpg,Covet,Tracy Wolff,"Tantor Media, Inc.",9781705219645,"August 21, 2022 14:49",Borrowed,21 days,Spokane Public Library,"July 11, 2022 4:48",2022-09-11 14:49:00,-42,704
97,https://img1.od-cdn.com/ImageType-100/1219-1/{2E788F69-82E8-4A42-B902-A8A896D49D2E}Img100.jpg,Crave,Tracy Wolff,"Tantor Media, Inc.",9781705219607,"August 16, 2022 2:11",Borrowed,21 days,Spokane Public Library,"June 30, 2022 22:48",2022-09-06 2:11:00,-47,571
98,https://img1.od-cdn.com/ImageType-100/1493-1/{AE68A4DA-51F8-4BE3-B978-4F7E56D3A775}Img100.jpg,The Atlas Six,Olivie Blake,Macmillan Audio,9781250860460,"August 12, 2022 17:08",Borrowed,21 days,Spokane Public Library,"July 07, 2022 2:24",2022-09-02 17:08:00,-37,373
99,https://img1.od-cdn.com/ImageType-100/1219-1/{D8605BF8-EEFF-4F8E-9FC4-D19E0DAE1653}Img100.jpg,The Neverending Story,Michael Ende,"Tantor Media, Inc.",,"August 12, 2022 4:10",Borrowed,21 days,Spokane Public Library,"August 31, 2022 1:36",2022-09-02 4:10:00,18,400
100,https://img1.od-cdn.com/ImageType-100/1191-1/{B2DBD657-2223-4221-A0A1-8DBC9EDBAB51}Img100.jpg,Inheritance,Christopher Paolini,Books on Tape,9780739372494,"August 11, 2022 21:41",Borrowed,21 days,Spokane Public Library,"July 03, 2022 15:26",2022-09-01 21:41:00,-40,860
101,https://img1.od-cdn.com/ImageType-100/1493-1/{DF111916-863C-4EA8-82C8-D2FF21895AEB}Img100.jpg,Book of Night,Holly Black,Macmillan Audio,9781250850133,"August 06, 2022 19:11",Borrowed,21 days,Spokane Public Library,"August 15, 2022 18:24",2022-08-27 19:11:00,8,306
102,https://img1.od-cdn.com/ImageType-100/1191-1/{46839368-0F48-40BC-B80B-34CE507E9409}Img100.jpg,Eldest,Christopher Paolini,Books on Tape,9780739338582,"August 05, 2022 0:10",Borrowed,21 days,Spokane Public Library,"July 07, 2022 0:51",2022-08-26 0:10:00,-29,704
103,https://img1.od-cdn.com/ImageType-100/1191-1/{6FDDBB54-9FE0-4C80-8E38-4035EB0DF636}Img100.jpg,"My Sister, the Serial Killer",Oyinkan Braithwaite,Books on Tape,9780525643289,"July 29, 2022 4:55",Borrowed,21 days,Spokane Public Library,"August 21, 2022 14:49",2022-08-19 4:55:00,23,226
104,https://img1.od-cdn.com/ImageType-100/1219-1/{02EF0750-A967-493C-AA14-B292C33C1DC3}Img100.jpg,Crush,Tracy Wolff,"Tantor Media, Inc.",9781705219621,"July 28, 2022 3:28",Borrowed,21 days,Spokane Public Library,"August 11, 2022 21:42",2022-08-18 3:28:00,14,704
105,https://img1.od-cdn.com/ImageType-100/0293-1/{8809BC36-EB29-4964-B022-D2A68D9F3445}IMG100.JPG,The Poppy War,R. F. Kuang,HarperAudio,9780062848789,"July 27, 2022 13:52",Borrowed,21 days,Spokane Public Library,"August 15, 2022 18:23",2022-08-17 13:52:00,19,545
106,https://img1.od-cdn.com/ImageType-100/0887-1/{22E6129F-7619-48D4-B55B-492885C66581}Img100.jpg,The Cruel Prince,Holly Black,Hachette Audio,9781478923749,"July 25, 2022 16:08",Borrowed,21 days,Spokane Public Library,"August 11, 2022 21:41",2022-08-15 16:08:00,17,384
107,https://img1.od-cdn.com/ImageType-100/1837-1/{484A05C8-0A4E-4D28-B7C9-0DDCFD2C77B8}Img100.jpg,Ballad of Songbirds and Snakes,Suzanne Collins,Scholastic Inc.,9781338635201,"July 20, 2022 14:44",Borrowed,21 days,Spokane Public Library,"August 06, 2022 19:12",2022-08-10 14:44:00,17,517
108,https://img1.od-cdn.com/ImageType-100/2389-1/{6A600B7A-AFDA-4F0F-A32C-5BE178267B0E}Img100.jpg,Pride and Prejudice,Jane Austen,Duke Classics,,"July 20, 2022 14:43",Borrowed,21 days,Spokane Public Library,"August 06, 2022 19:12",2022-08-10 14:43:00,17,364
109,https://img1.od-cdn.com/ImageType-100/1191-1/{51FBBA58-7F48-45E0-92F6-1E8868971F7C}Img100.jpg,Brisingr,Christopher Paolini,Books on Tape,9780739368053,"July 20, 2022 14:40",Borrowed,21 days,Spokane Public Library,"July 03, 2022 15:28",2022-08-10 14:40:00,-17,763
110,https://img1.od-cdn.com/ImageType-100/0293-1/{B8909201-82ED-469F-8371-5D0AAA679F4D}Img100.jpg,War Storm,Victoria Aveyard,HarperCollins,9780062841704,"July 18, 2022 15:28",Borrowed,21 days,Spokane Public Library,"June 28, 2022 14:29",2022-08-08 15:28:00,-21,672
111,https://img1.od-cdn.com/ImageType-100/0887-1/{5EA340CF-782F-4B9A-BCE7-1C92DC075F35}Img100.jpg,The Wicked King,Holly Black,Hachette Audio,9781549171321,"July 18, 2022 1:34",Borrowed,21 days,Spokane Public Library,"July 18, 2022 1:33",2022-08-08 1:34:00,-1,336
112,https://img1.od-cdn.com/ImageType-100/0887-1/{5EA340CF-782F-4B9A-BCE7-1C92DC075F35}Img100.jpg,The Wicked King,Holly Black,Hachette Audio,9781549171321,"July 18, 2022 1:33",Borrowed,21 days,Spokane Public Library,"July 18, 2022 1:33",2022-08-08 1:33:00,0,336
113,https://img1.od-cdn.com/ImageType-100/1191-1/{729E9EB8-FFEE-44E3-B4EC-43F853CCFC0B}Img100.jpg,The Last Graduate,Naomi Novik,Books on Tape,9780593287439,"July 14, 2022 21:57",Borrowed,21 days,Spokane Public Library,"July 09, 2022 3:54",2022-08-04 21:57:00,-6,388
114,https://img1.od-cdn.com/ImageType-100/1493-1/{458001FE-0B3D-4F13-98F2-77E495D9B084}IMG100.JPG,The Invisible Life of Addie LaRue,V. E. Schwab,Macmillan Audio,9781250777959,"July 14, 2022 1:03",Borrowed,21 days,Spokane Public Library,"July 30, 2022 3:20",2022-08-04 1:03:00,16,444
115,https://img1.od-cdn.com/ImageType-100/1493-1/{AE68A4DA-51F8-4BE3-B978-4F7E56D3A775}Img100.jpg,The Atlas Six,Olivie Blake,Macmillan Audio,9781250860460,"July 11, 2022 20:05",Borrowed,21 days,Spokane Public Library,"July 07, 2022 2:24",2022-08-01 20:05:00,-5,373
116,https://img1.od-cdn.com/ImageType-100/1191-1/{1B32D163-6220-4131-AF23-490682E44FE3}Img100.jpg,A Deadly Education,Naomi Novik,Books on Tape,9780593287415,"July 11, 2022 4:48",Borrowed,21 days,Spokane Public Library,"July 09, 2022 3:54",2022-08-01 4:48:00,-3,320
117,https://img1.od-cdn.com/ImageType-100/1219-1/{6DD9C963-FFD8-4D1B-AAE4-79C8813A1CD4}Img100.jpg,Covet,Tracy Wolff,"Tantor Media, Inc.",9781705219645,"July 11, 2022 4:48",Borrowed,21 days,Spokane Public Library,"July 11, 2022 4:48",2022-08-01 4:48:00,0,704
118,https://img1.od-cdn.com/ImageType-100/1191-1/{4404B604-8D59-47E3-BFD0-CD429235E995}Img100.jpg,The Starless Sea,Erin Morgenstern,Books on Tape,9780735207882,"July 11, 2022 4:47",Borrowed,21 days,Spokane Public Library,"July 30, 2022 3:19",2022-08-01 4:47:00,18,498
119,https://img1.od-cdn.com/ImageType-100/1191-1/{46839368-0F48-40BC-B80B-34CE507E9409}Img100.jpg,Eldest,Christopher Paolini,Books on Tape,9780739338582,"July 11, 2022 4:43",Borrowed,21 days,Spokane Public Library,"July 07, 2022 0:51",2022-08-01 4:43:00,-5,704
120,https://img1.od-cdn.com/ImageType-100/0293-1/{B8909201-82ED-469F-8371-5D0AAA679F4D}Img100.jpg,War Storm,Victoria Aveyard,HarperCollins,9780062841704,"July 01, 2022 19:23",Borrowed,21 days,Spokane Public Library,"June 28, 2022 14:29",2022-07-22 19:23:00,-4,672
121,https://img1.od-cdn.com/ImageType-100/0887-1/{EAEBBB06-1025-4535-AC04-9D85007D4A1B}Img100.jpg,The Queen of Nothing,Holly Black,Hachette Audio,9781549150173,"June 29, 2022 16:25",Borrowed,21 days,Spokane Public Library,,2022-07-20 16:25:00,253,300
122,https://img1.od-cdn.com/ImageType-100/1493-1/{DF111916-863C-4EA8-82C8-D2FF21895AEB}Img100.jpg,Book of Night,Holly Black,Macmillan Audio,9781250850133,"June 29, 2022 16:24",Borrowed,21 days,Spokane Public Library,"August 15, 2022 18:24",2022-07-20 16:24:00,47,306
123,https://img1.od-cdn.com/ImageType-100/1191-1/{2781587F-F7CE-450C-A915-FB2C6FE8E1A1}Img100.jpg,Book Lovers,Emily Henry,Books on Tape,9780593553770,"June 26, 2022 22:06",Borrowed,21 days,Spokane Public Library,"July 09, 2022 3:54",2022-07-17 22:06:00,12,377
124,https://img1.od-cdn.com/ImageType-100/0887-1/{22E6129F-7619-48D4-B55B-492885C66581}Img100.jpg,The Cruel Prince,Holly Black,Hachette Audio,9781478923749,"June 26, 2022 22:05",Borrowed,21 days,Spokane Public Library,"August 11, 2022 21:41",2022-07-17 22:05:00,45,384
125,https://img1.od-cdn.com/ImageType-100/0293-1/{16A53EF9-9604-4190-BFD9-EC45DD82FEB0}Img100.jpg,King's Cage,Victoria Aveyard,HarperTeen,9780062656681,"June 25, 2022 23:45",Borrowed,21 days,Spokane Public Library,"July 01, 2022 19:24",2022-07-16 23:45:00,5,528
126,https://img1.od-cdn.com/ImageType-100/0293-1/{F7788CF5-59D3-46E3-9C93-713BF6E0A7DD}Img100.jpg,Glass Sword,Victoria Aveyard,HarperTeen,9780062417305,"June 23, 2022 15:00",Borrowed,21 days,Spokane Public Library,"June 26, 2022 23:00",2022-07-14 15:00:00,3,444
127,https://img1.od-cdn.com/ImageType-100/1694-1/{6925CDDB-7ACA-4734-8978-AF9DADEB2145}IMG100.JPG,An Offer from a Gentleman,Julia Quinn,"Recorded Books, Inc.",9781501946127,"June 21, 2022 18:10",Borrowed,21 days,Spokane Public Library,"June 29, 2022 16:26",2022-07-12 18:10:00,7,358
128,https://img1.od-cdn.com/ImageType-100/1694-1/{FEFBF396-6700-4D5B-9A53-CF6FAE5C08BD}IMG100.JPG,Romancing Mister Bridgerton,Julia Quinn,"Recorded Books, Inc.",9781501955846,"June 20, 2022 19:16",Borrowed,21 days,Spokane Public Library,"June 29, 2022 16:26",2022-07-11 19:16:00,8,466
129,https://img1.od-cdn.com/ImageType-100/4575-1/{9A59320F-2DA7-499F-B98F-2C56A5FC5BB2}IMG100.JPG,Blood of Elves,Andrzej Sapkowski,Hachette Audio,9781478904724,"June 20, 2022 15:59",Borrowed,21 days,Spokane Public Library,"July 09, 2022 3:54",2022-07-11 15:59:00,18,398
130,https://img1.od-cdn.com/ImageType-100/1191-1/{1B32D163-6220-4131-AF23-490682E44FE3}Img100.jpg,A Deadly Education,Naomi Novik,Books on Tape,9780593287415,"June 19, 2022 18:28",Borrowed,21 days,Spokane Public Library,"July 09, 2022 3:54",2022-07-10 18:28:00,19,320
131,https://img1.od-cdn.com/ImageType-100/1191-1/{729E9EB8-FFEE-44E3-B4EC-43F853CCFC0B}Img100.jpg,The Last Graduate,Naomi Novik,Books on Tape,9780593287439,"June 19, 2022 18:28",Borrowed,21 days,Spokane Public Library,"July 09, 2022 3:54",2022-07-10 18:28:00,19,388
132,https://img1.od-cdn.com/ImageType-100/1694-1/{081A6FD0-4A94-42EF-85A9-E6A23110F414}IMG100.JPG,The Viscount Who Loved Me,Julia Quinn,"Recorded Books, Inc.",9781501940781,"June 18, 2022 19:39",Borrowed,21 days,Spokane Public Library,"June 29, 2022 16:26",2022-07-09 19:39:00,10,384
133,https://img1.od-cdn.com/ImageType-100/0017-1/{F9AECE81-53DF-40E2-976E-6F2403C58972}IMG100.JPG,Sword of Destiny,Andrzej Sapkowski,Orbit,9780316389716,"June 18, 2022 17:05",Borrowed,21 days,Spokane Public Library,"June 21, 2022 5:21",2022-07-09 17:05:00,2,384
134,https://img1.od-cdn.com/ImageType-100/1694-1/{5818095B-AA29-4976-BBF5-DE5CD401E66B}IMG100.JPG,When He Was Wicked,Julia Quinn,"Recorded Books, Inc.",9781980088042,"June 18, 2022 17:04",Borrowed,21 days,Spokane Public Library,"June 29, 2022 16:26",2022-07-09 17:04:00,10,368
135,https://img1.od-cdn.com/ImageType-100/1191-1/{753D2D30-BB5A-4468-B0AE-D1A41C246E3C}Img100.jpg,Kill the Farm Boy,"Kevin Hearne, Delilah S. Dawson",Books on Tape,9780525593669,"June 18, 2022 17:04",Borrowed,21 days,Spokane Public Library,"July 09, 2022 3:54",2022-07-09 17:04:00,20,384
136,https://img1.od-cdn.com/ImageType-100/4575-1/{939047A6-52C9-4F45-A152-74F370A20013}IMG100.JPG,Sword of Destiny,Andrzej Sapkowski,Hachette Audio,9781478934912,"June 18, 2022 3:52",Borrowed,21 days,Spokane Public Library,"June 21, 2022 5:21",2022-07-09 3:52:00,3,384
137,https://img1.od-cdn.com/ImageType-100/0111-1/{44D53B09-70BB-48B2-A746-D4C0846B7F97}Img100.jpg,Brisingr,Christopher Paolini,Random House Children's Books,9780375891410,"June 17, 2022 13:05",Borrowed,21 days,Spokane Public Library,"July 03, 2022 15:28",2022-07-08 13:05:00,16,763
138,https://img1.od-cdn.com/ImageType-100/1694-1/{C436991C-C679-4E7B-92E8-0751ABC88EB2}IMG100.JPG,On the Way to the Wedding,Julia Quinn,"Recorded Books, Inc.",9781980088028,"June 17, 2022 3:39",Borrowed,21 days,Spokane Public Library,"June 29, 2022 16:26",2022-07-08 3:39:00,12,371
139,https://img1.od-cdn.com/ImageType-100/0293-1/{62F13E30-3EDF-41E4-8F52-5D4612F07B3D}Img100.jpg,War Storm,Victoria Aveyard,HarperCollins,9780062423016,"June 17, 2022 2:38",Borrowed,21 days,Spokane Public Library,"June 28, 2022 14:29",2022-07-08 2:38:00,11,672
140,https://img1.od-cdn.com/ImageType-100/0293-1/{D116B3F2-4625-470C-A176-96C43E44F05B}Img100.jpg,King's Cage,Victoria Aveyard,HarperCollins,9780062310712,"June 17, 2022 2:38",Borrowed,21 days,Spokane Public Library,"July 01, 2022 19:24",2022-07-08 2:38:00,14,528
141,https://img1.od-cdn.com/ImageType-100/0293-1/{D1C2CBE7-A4FF-4DB8-AC13-240CE0C085C7}Img100.jpg,Glass Sword,Victoria Aveyard,HarperCollins,9780062310682,"June 17, 2022 2:38",Borrowed,21 days,Spokane Public Library,"June 26, 2022 23:00",2022-07-08 2:38:00,9,444
142,https://img1.od-cdn.com/ImageType-100/1493-1/{AE68A4DA-51F8-4BE3-B978-4F7E56D3A775}Img100.jpg,The Atlas Six,Olivie Blake,Macmillan Audio,9781250860460,"June 16, 2022 2:24",Borrowed,21 days,Spokane Public Library,"July 07, 2022 2:24",2022-07-07 2:24:00,21,373
143,https://img1.od-cdn.com/ImageType-100/1191-1/{B2DBD657-2223-4221-A0A1-8DBC9EDBAB51}Img100.jpg,Inheritance,Christopher Paolini,Books on Tape,9780739372494,"June 16, 2022 0:52",Borrowed,21 days,Spokane Public Library,"July 03, 2022 15:26",2022-07-07 0:52:00,17,860
144,https://img1.od-cdn.com/ImageType-100/1191-1/{46839368-0F48-40BC-B80B-34CE507E9409}Img100.jpg,Eldest,Christopher Paolini,Books on Tape,9780739338582,"June 16, 2022 0:51",Borrowed,21 days,Spokane Public Library,"July 07, 2022 0:51",2022-07-07 0:51:00,21,704
145,https://img1.od-cdn.com/ImageType-100/1219-1/{2E788F69-82E8-4A42-B902-A8A896D49D2E}Img100.jpg,Crave,Tracy Wolff,"Tantor Media, Inc.",9781705219607,"June 12, 2022 22:28",Borrowed,21 days,Spokane Public Library,"June 30, 2022 22:48",2022-07-03 22:28:00,18,571
146,https://img1.od-cdn.com/ImageType-100/1191-1/{42A64C8A-9DC4-4CBB-8839-AB1AF65F900E}Img100.jpg,Cry Wolf,Patricia Briggs,Books on Tape,9781429526609,"June 10, 2022 6:05",Borrowed,21 days,Spokane Public Library,"July 09, 2022 3:55",2022-07-01 6:05:00,28,320
147,https://img1.od-cdn.com/ImageType-100/0293-1/{B8909201-82ED-469F-8371-5D0AAA679F4D}Img100.jpg,War Storm,Victoria Aveyard,HarperCollins,9780062841704,"June 09, 2022 6:34",Borrowed,21 days,Spokane Public Library,"June 28, 2022 14:29",2022-06-30 6:34:00,19,672
148,https://img1.od-cdn.com/ImageType-100/0887-1/{71C633FA-6064-46CD-ACC2-93B6A7C1547D}Img100.jpg,Midnight Sun,Stephenie Meyer,Hachette Audio,9781549134661,"June 02, 2022 23:37",Borrowed,21 days,Spokane Public Library,"June 05, 2022 20:46",2022-06-23 23:37:00,2,662
149,https://img1.od-cdn.com/ImageType-100/0293-1/{C9609AA3-26B1-4478-BAF8-62097449A1C0}Img100.jpg,Red Queen,Victoria Aveyard,HarperTeen,9780062346513,"June 02, 2022 23:00",Borrowed,21 days,Spokane Public Library,"June 09, 2022 6:35",2022-06-23 23:00:00,6,383
150,https://img1.od-cdn.com/ImageType-100/1219-1/{379729DC-D3C3-4378-9108-7B27D40F1913}Img100.jpg,A Touch of Darkness,Scarlett St. Clair,"Tantor Media, Inc.",9781705234020,"June 02, 2022 23:00",Borrowed,21 days,Spokane Public Library,"June 23, 2022 23:00",2022-06-23 23:00:00,21,392
151,https://img1.od-cdn.com/ImageType-100/1493-1/{1B5D1E8A-9792-4F1F-B198-3A4A231F7D98}Img100.jpg,Ninth House,Leigh Bardugo,Macmillan Audio,9781250230911,"June 01, 2022 21:19",Borrowed,21 days,Spokane Public Library,"June 07, 2022 0:46",2022-06-22 21:19:00,5,458
152,https://img1.od-cdn.com/ImageType-100/1191-1/{D41A57F6-B12D-408F-9EF1-7E96D31AA72B}Img100.jpg,Eragon,Christopher Paolini,Books on Tape,9780807219645,"May 31, 2022 15:45",Borrowed,21 days,Spokane Public Library,"June 20, 2022 23:09",2022-06-21 15:45:00,20,528
153,https://img1.od-cdn.com/ImageType-100/0293-1/{E4FA8E66-895A-4359-AEEF-9FCC3126E3A3}Img100.jpg,Daughter of the Moon Goddess,Sue Lynn Tan,HarperAudio,9780063031340,"May 30, 2022 23:00",Borrowed,21 days,Spokane Public Library,"June 17, 2022 20:41",2022-06-20 23:00:00,17,512
154,https://img1.od-cdn.com/ImageType-100/4575-1/{29C49BBB-A942-43B4-8BD9-32CDD49097A7}IMG100.JPG,The Time of Contempt,Andrzej Sapkowski,Hachette Audio,9781478904731,"May 30, 2022 17:33",Borrowed,21 days,Spokane Public Library,"July 08, 2022 17:39",2022-06-20 17:33:00,39,352
155,https://img1.od-cdn.com/ImageType-100/1694-1/{097FFE1F-36F3-493A-A09B-791728F2EADD}IMG100.JPG,A Court of Frost and Starlight,Sarah J. Maas,"Recorded Books, Inc.",9781501994661,"May 29, 2022 6:17",Borrowed,21 days,Spokane Public Library,"June 13, 2022 20:40",2022-06-19 6:17:00,15,272
156,https://img1.od-cdn.com/ImageType-100/0293-1/{5A9ED96B-E3A1-4207-8C63-8B75BD9B39E9}Img100.jpg,Good Omens,"Neil Gaiman, Terry Pratchett",HarperAudio,9780061967078,"May 29, 2022 0:07",Borrowed,21 days,Spokane Public Library,"June 01, 2022 21:19",2022-06-19 0:07:00,3,432
157,https://img1.od-cdn.com/ImageType-100/4575-1/{379A72A9-5F2D-4E2C-B26A-C03CF2F1BFD4}IMG100.JPG,The Last Wish,Andrzej Sapkowski,Hachette Audio,9781478904717,"May 29, 2022 0:05",Borrowed,21 days,Spokane Public Library,"June 16, 2022 0:47",2022-06-19 0:05:00,18,360